{ "node1": [32.774507, -117.071407, "deployment description"],
"node2": [32.775881, -117.071002, "deployment description"],
"node3": [32.775881, -117.071002, "deployment description"],
"node4": [32.775881, -117.071002, "deployment description"],
"node5": [32.775881, -117.071002,"deployment description"],
"node6": [32.775881, -117.071002, "deployment description"],
"node7": [32.775881, -117.071002,"deployment description"],
"node8": [32.775881, -117.071002, "deployment description"],
"node9": [32.775881, -117.071002, "deployment description"],
"node10": [32.775881, -117.071002, "deployment description"]
}