{"node1": [32.778428, -117.071806, "Node off for display"],
"node2": [32.778659, -117.072265,"Node off for display"],
"node3": [32.778169, -117.072535,"Node off for display"],
"node4": [32.778431, -117.072381,"Node off for display"],
"node5": [32.778411, -117.072238,"Node off for display"],
"node6": [32.777707, -117.070404,"Ledge outside of senior design lab"],
"node7": [32.777721, -117.069910,"On top of transformer"],
"node8": [32.777901, -117.070233,"On top of engineering garage"],
"node9": [32.778016, -117.070352,"On top of AC unit outside of facilities"],
"node10": [32.777772, -117.070120,"On top of transformer"]
}