{"node1": [32.775660, -117.071543, "deployment description node 1"],
"node2": [32.776315,  -117.071475, "deployment description node 2"],
"node3": [32.776075, -117.071910, "deployment description node 3"],
"node4": [32.775567, -117.071914, "deployment description node 4"],
"node5": [32.775881, -117.071002, "deployment description node 5"],
"node6": [32.777707, -117.070404, "Ledge outside of senior design lab"],
"node7": [32.777721, -117.069910, "On top of transformer"],
"node8": [32.777901, -117.070233, "On top of engineering garage"],
"node9": [32.778016, -117.070352, "On top of AC unit outside of facilities"],
"node10": [32.777772, -117.070120, "On top of transformer"]
}